<?xml version="1.0" encoding="UTF-8"?>
<!DOCTYPE plist PUBLIC "-//Apple//DTD PLIST 1.0//EN" "http://www.apple.com/DTDs/PropertyList-1.0.dtd">
<plist version="1.0">
<array>
  <string>af</string>
  <string>am</string>
  <string>ar_eg</string>
  <string>ar_sa</string>
  <string>ar_xb</string>
  <string>ar</string>
  <string>be</string>
  <string>bg</string>
  <string>bn</string>
  <string>ca</string>
  <string>cs</string>
  <string>da</string>
  <string>de_at</string>
  <string>de_cn</string>
  <string>de</string>
  <string>el</string>
  <!-- en is the default language, no translations exist for this. -->
  <string>en_au</string>
  <string>en_ca</string>
  <string>en_gb</string>
  <string>en_ie</string>
  <string>en_in</string>
  <string>en_sg</string>
  <string>en_xa</string>
  <string>en_xc</string>
  <string>en_za</string>
  <string>en</string>
  <string>es_419</string>
  <string>es_ar</string>
  <string>es_bo</string>
  <string>es_cl</string>
  <string>es_co</string>
  <string>es_cr</string>
  <string>es_do</string>
  <string>es_ec</string>
  <string>es_gt</string>
  <string>es_hn</string>
  <string>es_mx</string>
  <string>es_ni</string>
  <string>es_pa</string>
  <string>es_pe</string>
  <string>es_pr</string>
  <string>es_py</string>
  <string>es_sv</string>
  <string>es_us</string>
  <string>es_uy</string>
  <string>es_ve</string>
  <string>es</string>
  <string>et</string>
  <string>eu</string>
  <string>fa</string>
  <string>fi</string>
  <string>fil</string>
  <string>fr_ca</string>
  <string>fr_ch</string>
  <string>fr</string>
  <string>gl</string>
  <string>gsw</string>
  <string>gu</string>
  <string>he</string>
  <string>hi</string>
  <string>hr</string>
  <string>hu</string>
  <string>id</string>
  <string>in</string>
  <string>is</string>
  <string>it</string>
  <string>iw</string>
  <string>ja</string>
  <string>kn</string>
  <string>ko</string>
  <string>ln</string>
  <string>lo</string>
  <string>lt</string>
  <string>lv</string>
  <string>ml</string>
  <string>mo</string>
  <string>mr</string>
  <string>ms</string>
  <string>nb</string>
  <string>ne</string>
  <string>nl</string>
  <string>no</string>
  <string>pl</string>
  <string>pt_br</string>
  <string>pt_pt</string>
  <string>pt</string>
  <string>ro</string>
  <string>ru</string>
  <string>sk</string>
  <string>sl</string>
  <string>sr_latn</string>
  <string>sr</string>
  <string>sv</string>
  <string>sw</string>
  <string>ta</string>
  <string>te</string>
  <string>th</string>
  <string>tl</string>
  <string>tr</string>
  <string>uk</string>
  <string>ur</string>
  <string>vi</string>
  <string>zh_cn</string>
  <string>zh_hk</string>
  <string>zh_tw</string>
  <string>zh</string>
  <string>zu</string>
</array>
</plist>
